epoch,train_loss,train_acc,val_loss,val_acc,lr,epoch_time_sec
0,2.082894005893189,0.4407894736842105,1.668095700442791,0.5234375,9.972883382072954e-05,31.003400325775146
1,1.0713614519731498,0.7470975232198143,1.469887137413025,0.61328125,9.891830623632339e-05,25.892539739608765
2,0.7040347442214872,0.8782894736842105,1.5013234913349152,0.62890625,9.757729755661011e-05,26.10552167892456
3,0.5466831801114259,0.9342105263157895,1.4207699671387672,0.673828125,9.572050015330873e-05,26.15393614768982
4,0.48117872925452243,0.955108359133127,1.4692834988236427,0.65625,9.336825748732972e-05,25.912705898284912
5,0.4368967998910833,0.9715557275541795,1.5314124897122383,0.654296875,9.05463412215599e-05,25.86428952217102
6,0.3979250766612865,0.9845201238390093,1.5701024234294891,0.65625,8.728566886113101e-05,25.807399034500122
7,0.3899477922622068,0.9866486068111455,1.6153284311294556,0.62890625,8.362196501476347e-05,25.803662061691284
